1,1,id labore ex et quam laborum,Eliseo@gardner.biz,laudantium enim quasi est quidem magnam voluptate ipsam
1,2,quo vero reiciendis velit similique earum,Jayne_Kuhic@sydney.com,est natus enim nihil est dolore omnis voluptatem 
1,3,probando post,probandoPost@gmail.com,djgkjdnsjgnsdj probando post
1,4,probando put numero 2,probandoPut number 2@gmail.com,djgkjdnsjgnsdj probando put numero 2
1,6,probando post,probandoPost@gmail.com,djgkjdnsjgnsdj probando post
1,8,probando post,probandopost@gmail.com,djgkjdnsjgnsdj probando post
2,9,probando post,probandopost@gmail.com,djgkjdnsjgnsdj probando post
2,9,probando post,probandopost@gmail.com,djgkjdnsjgnsdj probando post
2,7,probando post,probandopost@gmail.com,djgkjdnsjgnsdj probando post
3,11,probando post 11,probandopost@gmail.com,djgkjdnsjgnsdj probando post
3,9,probando post3434343,probando789post@gmail.com,djg978987987kjdnsjgnsdj probando post
3,9,probando post5657657,probandop789ost@gmail.com,djgkjdnsjg78978nsdj probando post
3,7,probando post7988978,probando78987post@gmail.com,djgkjdnsjgn78987sdj probando post
3,11,probando post 11789789,proban789789dopost@gmail.com,djgkjdnsjgn8797sdj probando post
4,12,eum distinctio amet dolor,Jennings_Pouros@erica.biz,tempora voluptatem est magnam distinctio
4,13,eum distinctio amet dolor,Jennings_Pouros@erica.biz,tempora voluptatem est magnam distinctio
4,14,eum distinctio amet dolor,Jennings_Pouros@erica.biz,tempora voluptatem est magnam distinctio
4,15,eum distinctio amet dolor,Jennings_Pouros@erica.biz,tempora voluptatem est magnam distinctio
